COU,Country,Avg. Work Hours (Annual),Avg. Wages (Annual),Mortality Causes,GDP (constant 2010 US$),GINI index (World Bank estimate),"Literacy rate, adult total (% of people ages 15 and above)",Population density (people per sq. km of land area),"Probability of dying at age 5-14 years (per 1,000 children age 5)",Year
AUT,Austria,1511.0,50851.39713,171632.6,432754000000.0,0.0,0.0,106.6074453,0.8,2017
CZE,Czech Republic,1784.0,25804.10436,228889.99999999997,241074000000.0,0.0,0.0,137.1981093,0.8,2017
HUN,Hungary,1741.3,22492.67745,270917.7,153629000000.0,0.0,0.0,108.1184801,1.0,2017
ISL,Iceland,1483.0,64415.10845,8498.2,17512773948.0,0.0,0.0,3.4254364089999996,0.8,2017
LTU,Lithuania,1608.0,25207.13875,88016.70000000001,47626186104.0,0.0,0.0,45.15186156,1.6,2017
